gene_name,length_kbp
CREB3L1,43784
GPR98,605545
RTN1,275312
KBTBD8,12907
ZEB1,211319
FAT4,143893
BANK1,284330
PIR,20623
KIAA1199,172319
SORL1,181559
TMEM180,19222
TEK,5398
ZNF83,1275
GDPD5,91276
PDCD4,28211
SELL,21037
LTBP4,36932
NEFH,11098
ROR2,741019
MAOA,91917
GYPC,40740
CHST15,87624
PLXNA1,55273
FNDC1,102711
CD82,54772
EMILIN1,7836
COL18A1,5354
C9orf16,4813
CLCN4,80715
NPR1,15375
ASS1,19302
LOC729603,3130
GNA11,29592
LOC654342,23266
SUZ12P,822
SDC2,15656
AHCYL2,205197
TMEM125,4081
FUT4,6047
PECI,19904
GSTP1,411
SLC9A3R1,20748
LILRA6,2203
DNHD1,74729
ZNF350,22536
GFI1,46152
ELFN1,3680
UNC5CL,12298
C16orf71,15108
C6orf27,11736
TFEC,224743
ACOT2,8038
KLHL6,69687
CENPJ,40615
TRIM45,14078
TBC1D3B,10943
TANC2,461183
KIF4A,130895
C18orf18,1305
SNCAIP,152865
HLA-DOA,5429
WFIKKN1,3104
SYDE2,44052
TACR2,12716
C6orf225,15319
C7orf53,10843
XAF1,20236
ANKDD1A,46798
GGTLC2,3278
LPPR4,46628
GLIPR2,27377
PARD6G,90282
TRIM56,12543
TRAIP,27989
GPR157,25780
CTAGE4,2625
BAIAP3,15836
RNF43,66395
FOLR2,5175
DDIT4L,4628
ZBTB7C,385753
SHANK3,58597
GPR124,47103
TMEM132A,12718
SPHAR,1122
EFCAB4A,6433
BLVRB,18034
GRID1,766938
FAM84B,6061
FMNL1,25594
GNLY,4563
ZNF165,23540
ACSS3,179777
HES2,10951
ZNF775,19314
OGFRL1,20763
MAN1A1,173418
NLGN4X,338856
SLC29A4,6192
BATF2,9100
EMB,32739
LMNB1,60397
FAM19A5,262475
C5orf39,1265
GFOD1,26015
CNTD1,12920
NTRK2,358702
MFGE8,14786
ZSCAN12P1,4908
TSKU,15841
PDLIM1,606
KRTCAP3,4115
CLIC4,755
ALOX5AP,50950
RIPK3,4015
TACC1,7549
SH3PXD2B,129342
SAMHD1,60961
NBEA,9979
CLDN3,7339
SLC25A4,55183
CPXM1,6577
ZNF285,9176
LOC100270746,940
CYSLTR1,56223
CCNB2,19960
ZNF10,43587
LQK1,1534
TMPRSS3,24959
CD28,16549
ZNRF3,6477
ENPEP,87264
ANKRD36,29483
TACSTD2,2071
ACSL1,8354
PTPRG,57128
TXNRD1,134528
SLC6A8,8296
ZNF121,18887
MTHFD1L,236208
HRH1,33423
LRMP,56234
KLHL31,17953
HDAC11,26253
VMO1,1149
TCTE3,11423
TOX2,154764
HBB,13466
SRPX,27133
ZNF204P,17551
FBLN7,116503
SLFN11,23609
PAR-SN,1796
ZNF594,17873
RPL23P8,522
RAPGEF5,238843
SIGLEC5,19507
CHCHD6,256200
MPHOSPH9,91690
CEACAM19,12903
MGAT3,1015
MBP,5795
RPP25,2332
TMEM133,1855
DOK5,175699
STAMBPL1,44134
MTCP1,7238
CAV2,300018
NEURL1B,50274
RIMKLA,45016
TPPP,3728
GSTM5,1106
PDCD1LG2,60844
IL28RA,33119
JPH1,86845
ZNF703,4270
MYL6B,5567
LOC283922,35849
HLA-C,3377
N4BP2L1,28926
C2orf88,324005
KCNMB4,68072
RABL5,8456
SLC25A23,24140
SLC4A4,384801
AOX1,57462
ADCK5,19227
RELL2,4131
TBC1D8B,73461
GGT5,25488
ARHGAP11B,12727
HIST2H2BE,2222
COLQ,71618
KLRB1,12627
MAPK8IP1,20969
LOC154761,24751
DUSP8,17869
LBR,1884
SLC44A4,15849
ESPL1,25386
EPB41L4A,1395
TAF4B,165194
MEX3B,4365
ZNF85,27444
ZBED3,61553
FAM127C,2032
DEPDC7,17718
SLC9A5,24655
SH3RF3,375197
ZNF347,24134
RGS16,5790
NFATC4,12693
GVIN1,8740
BMPR1A,1469
EML1,204361
MRVI1,120897
CACNB3,14511
NEDD4,357178
FBLIM1,30419
DOCK8,253963
PLEKHB1,16641
ZFP37,14976
HBEGF,13760
POU2AF1,27181
DDAH1,259878
TIPARP,32354
ZNF117,16584
APOL4,15705
GPCPD1,66592
STMN3,13905
CD40,12213
ZNF311,9280
FAM135A,147770
ARHGAP4,18884
WTIP,27212
SCD5,169320
LASS6,318885
C17orf60,24987
SLC47A1,16115
DMPK,2876
MAMSTR,14180
CROT,54161
PABPC3,2429
THSD1,29327
SLC12A2,105897
CCDC48,39138
DNAH1,109087
ABCB1,2363
ITGB7,16058
CD180,14514
HDGFRP3,95280
ACCS,18119
RRAS2,86586
LTBP2,114148
ZNF502,11188
EPS8L1,7791
SATB2,4660
MAP3K8,27812
DLG4,4298
NCRNA00182,265438
FAM18A,60868
SPON1,305496
MAPRE3,56848
EXOC3L2,21590
TLR8,16549
ARHGEF35,9611
MAML3,437688
C8orf55,9738
SILV,12607
TCTN1,35103
TSSK3,2064
CRISPLD1,50085
INPP1,50669
GCET2,12464
NFKBID,14671
CPM,65863
FAM59A,206997
CDC26,8581
GALNT12,42382
ZNF497,8491
SLC30A4,44072
TUB,5225
KCNK1,6708
ARRB1,91709
RUNDC3B,204642
MCAM,8608
PMS2L2,15060
IPMK,6356
ADAMTSL2,43355
DENND5B,25428
CLMN,137969
LCA5,39952
ASRGL1,64097
SLC26A11,33222
PFKM,41126
GPAT2,14316
MTUS1,157785
HOXA7,2961
PRIC285,16153
F8,27444
KPNA5,60781
TNFRSF12A,2071
EGR3,5641
OASL,20360
PRRT3,7383
TXNIP,4205
TLR3,17569
ITGAM,72925
WDR31,27118
RGS2,145180
MST1R,17166
PRDM11,141111
TUBA4A,4897
EPPK1,21724
RHPN1,15393
ZDHHC11,68029
EPHA3,374610
KIF26A,42175
OSCAR,8061
PILRB,9828
MAGED4B,7445
CDYL2,207144
AGAP8,32937
MSH5,22725
LGMN,44895
C17orf104,20692
PYGL,39313
SNPH,43036
SLC16A6,24238
KIAA0495,11389
LPHN1,58508
SRRM3,85399
GIMAP7,6216
SERPINB1,28142
SLC1A1,97042
PTPN21,89001
FOS,7184
ZMYND17,9982
TUBB6,22157
PRODH,23779
SLC43A1,31423
NTN1,1195731
PCDHB10,3261
FCGR2C,19881
GPSM3,4757
LOH12CR2,1659
FMO5,41835
TNFRSF1B,42274
CLEC1A,29561
BAG2,12909
SHROOM3,348153
FIGNL2,30861
CBWD3,67598
SNRPN,542
PLEKHG6,18070
PCDHB16,4531
WNT2B,54747
NHLRC4,2500
ISG20,20730
CASZ1,160074
FAH,5767
SDHAP3,22574
PAX8,31496
LGALS9C,18160
SLC2A4,4192
PKMYT1,7748
NOS3,4379
FLRT2,98629
DZIP3,105356
SCML1,17539
NPIP,14722
WDR76,41505
DGCR6,5867
MAP9,34460
CXorf36,52528
DISP2,24396
C1orf226,7912
PI4KAP2,44493
C3orf18,16810
DENND1C,14604
RBMS3,7345
MPP3,32393
ARHGEF6,116109
IL33,43392
DDX60L,123779
ZNF680,62882
CTNNAL1,71025
CIT,5549
PLCD3,20893
NDUFA3,4121
GPRIN3,70344
PCSK5,471738
FAM115A,50747
FZD6,34433
NOV,4274
C19orf76,2305
ANK3,58597
JUB,11468
SNX24,183853
C1orf213,2868
HIST2H2BF,29684
PTPLAD2,28091
RASL11A,3363
KITLG,87680
DDR2,152311
ZNF579,3767
TNFSF9,4929
CNIH3,305909
TMEM119,8272
ERN1,91677
NOTCH3,41348
ADAMTS5,49208
FBXO32,43366
SDCBP2,53392
HOXB2,2376
PGD,1587
CDKN3,23279
RND1,8737
ITPRIP,7698
ADCY9,162798
PYCRL,5701
VAV3,1104
MTMR11,8247
ARHGAP22,226434
ZNF678,113924
CDKL1,68000
BTG3,8808
PPIAL4G,737
PARM1,117040
C1orf172,10928
NBPF15,38078
CCDC88A,132104
C10orf11,44224
ARNT2,193587
ITPR3,75241
PLCE1,505
PTPLA,47866
GRAP2,72270
RTKN2,109748
WASF1,90057
CYP39A1,103269
TMEM139,3150
LOC727896,3411
SH3BP4,82735
UBB,5225
ANKRD13B,24992
RPPH1,292
PPP1R13B,115216
SLC16A14,1653
BBC3,12176
NCRNA00219,1975
C10orf12,5258
DKK2,114494
GPR153,13629
ARL4A,1178
CCDC64,9275
HNMT,52296
ASPRV1,2176
CCDC11,16627
KPNA2,11257
DSCC1,21989
C15orf52,9515
BIRC5,11439
GHR,10731
SERPINB9,16053
KNTC1,44402
CCDC57,111434
C21orf56,25244
RASGRF1,130926
ALDH2,112499
EMP2,52294
C3,7791
CTSL2,9966
DNM1,3450
SERPING1,17299
STARD13,3780
BCAM,16001
HLA-DRA,5204
TMEM200A,77143
ZNF331,76450
EFHC1,75589
GPR19,56614
SLAMF1,39434
LIF,844
ERO1L,56016
ZNF549,13555
NACAD,9011
MFAP5,16945
NUDT16P1,3277
CD300A,18478
CD99,50176
LYSMD2,28389
EFHA2,105831
IL27RA,21179
FBXO36,1421
DGKD,35996
MTSS1L,25003
C5orf4,21574
MMP23B,2973
SNHG9,508
TMEM140,18201
IFI16,55187
NUAK1,76686
RALGPS1,308392
PAFAH1B3,5767
ZNF107,46570
ZFP36,2565
CMYA5,110887
TNF,1867
RILPL1,62645
C1orf198,32470
MEIS1,1243
NGFRAP1,1841
C20orf160,21803
CACNA1H,68531
TUBA1A,4529
TCEAL6,2455
SELP,11999
FHIT,1504196
ZNF439,3462
PANK1,5061
SPP1,5979
GLI1,12133
PHOSPHO2,7254
PTGS2,792
SSC5D,30596
EME2,3492
ENTPD2,5953
IL21R,5724
KCNN3,172816
ZNF790,36072
EDA2R,44919
TNFRSF19,105857
DENND2A,123791
KCNAB1,5779
MXRA5,31406
PDE4D,1519060
GRTP1,10195
C20orf54,15905
ITGB8,85940
BDNFOS,191319
CDR2L,18168
FAM89A,21291
PIK3CD,95505
MFAP3L,46431
ACAN,71912
TINAGL1,11302
TNFRSF8,80895
PTGIR,15078
ZC3H12C,79416
ACAA2,30377
C19orf38,33219
PLOD2,92059
NUF2,33831
CD86,65781
BNIPL,11047
WWP1,125646
STAT1,18656
PTTG1,24318
SSBP2,333893
CARD16,5198
DLL4,9727
PROCA1,8868
RGS1,6823
ZNF862,29059
LOC100133331,4592
EFEMP1,58201
CYTH4,32965
PCDHB6,3265
SLA2,33697
IFFO1,16574
MDGA1,65482
RHOD,15199
LUM,8310
UBASH3B,158789
D4S234E,38070
CCR6,27334
ANGPTL4,10248
ZNF493,30376
ZNF717,55622
FAM102A,39951
RICH2,37394
ATP9A,171636
SPI1,40782
POTEF,55687
HOXB4,2874
BLVRA,49189
RASL12,31078
ENOX1,10636
PGAP1,110226
KIF17,55723
TRIM66,71180
AQP3,606
IGFBP6,4841
ARHGEF15,12278
SLC37A2,27449
GPRIN1,14328
GCOM1,11036
AKAP12,36157
SLC25A27,25275
CCNT1,28540
LIPG,32209
LAD1,47866
WNT11,24516
STARD4,227500
ZFYVE28,149113
SYTL2,116961
FOXS1,1317
ZNF423,370388
SEMA6D,590122
MYCN,6569
MAPK13,14040
GSDMB,14782
NID2,64429
TMEM97,482
LOC100130872,13179
KRT18,1395
ZFP2,22422
WFDC2,11778
TTC22,22683
FAM40B,53966
PLIN5,12665
FBXL7,439600
MAPRE2,166542
IL1RN,34651
C7orf63,75790
CLIP4,43818
TFPI,5594
GATSL1,66839
CD209,7507
GJC2,10112
GIPC3,8010
HCG11,5687
MKI67,1448
GLS,9668
KANK2,33300
IL4R,51110
SPAG1,15953
TM4SF1,30224
EMILIN2,67062
DZIP1L,53877
KIAA1211,160529
TMEM229B,64084
MIPOL1,381319
LAMC2,59088
APH1B,31607
F5,2408
LCP1,607
ADM,4511
FGD3,88917
CD22,45255
ZNF620,16114
CLDN1,115948
ABCC1,135276
FCER1G,3951
SNTB1,276324
SLC24A3,510251
ITGA7,31469
CEACAM1,12718
OBFC2A,10450
ZNF860,23338
FAM111B,20230
ENGASE,13791
SGK3,149604
LYPLA2P1,1638
NAT1,2378
ASB9,26489
LEPREL1,23882
HAVCR2,23405
BHLHE41,5044
TMC7,80008
HSD17B6,35341
IFI27L2,1839
CPNE7,21478
EVL,172782
TMEM176B,10073
TMEM63A,42164
PITPNM1,13631
MCTP1,580885
WLS,4297
AGPAT9,40179
RBP5,37787
HYAL3,46178
E2F8,17592
TSPAN11,90069
ZSCAN18,34599
ZNF837,13399
L3MBTL,26079
TSTA3,4944
LOC100129534,2247
CA13,21573
DOCK2,446135
GOLM1,74060
SOX13,54647
SYNPO2,11224
GK,17545
ALPK3,56851
C8orf51,2012
PPM1J,5334
GIMAP8,28765
NR2F1,14335
RFC3,155897
FAM129A,184107
NAPSB,10948
ZNF506,29040
ARHGAP30,23029
TMEM86A,6050
EPHA2,31767
CYP2U1,21912
C12orf34,56127
ZNF879,10628
ZCWPW1,28413
SAMD12,105066
ACAT1,22730
PHKA2,92064
CARD11,137870
TMEM45A,84834
MPP7,36682
SLC2A13,351064
ST3GAL1,117606
HIST2H4A,395
FOLH1,61143
GREB1,284048
NUP62CL,83013
MARK1,136274
TNFSF10,17999
PPAP2A,110528
SLC2A3,17068
LRRC17,32214
EEF1A1P9,1750
ZNF665,30105
TLR6,34870
MAGI3,295449
CAMK2D,310895
E2F1,10918
CDC25C,53090
PTPRB,120590
LAG3,5972
SIPA1L2,232526
RCAN2,271337
PPARG,46996
PNMAL2,4721
MYBL2,49477
TTC18,107306
STBD1,5104
HOXA3,6841
EPB41L1,167908
IL17RE,20249
NR3C1,534
GPR133,187562
DNALI1,9938
CCDC138,98755
RALGAPA2,323080
TEAD2,21862
LCK,176620
SOX12,4657
RAMP1,63268
GAS2L3,54627
SMAD7,30858
PPP1R3B,15389
GOLGA8A,58398
RGL3,25286
S100A14,530
FGFR2,120326
RTN4RL2,17002
LMO2,12372
ACRBP,9338
PTK7,7580
DISP1,191481
HR,51559
RPS26,464
TTC39C,21247
C8orf42,55991
ALDH1B1,6001
FBXO17,34412
ZC3HAV1L,14974
DRAM1,46296
TSPAN33,24978
SALL2,16136
MEGF9,113569
C1orf210,3975
PCDHGA9,110026
ASPHD1,19468
TRIM9,129912
HPGD,32721
CXXC5,3596
AMACR,21129
VPS13A,244184
SEMA4B,44740
NIPAL2,105601
CHKA,68532
MAP3K1,155401
CPPED1,144088
FAM92A1,1573
GAB2,202532
FUZ,10510
ZNF813,26557
HEG1,14636
SLC7A8,58365
GALNT4,5394
C18orf56,8720
ANXA5,28995
FBXO43,17209
DUOX1,35584
EFCAB4B,139850
C3orf54,1900
ZNF618,180313
JAG2,27843
CD34,40578
SLCO4A1,3594
ZBTB42,4115
HLA-F,22448
TBC1D4,197982
PCDHGA2,174219
RNF207,15824
TMEM158,1858
BDH1,46204
C7orf29,2872
DAB2,218647
LRP6,150852
SERPINH1,10748
TLE1,797
MGLL,134188
EBF4,67230
TNFSF4,278479
ACADSB,49377
CPEB2,14608
LRRK1,151820
PIWIL4,54113
NLRC5,93977
AK4,73
SNHG5,1726
CYGB,30344
ZNF844,16750
GRIN2D,50062
PLD4,15052
TNFSF13B,40244
DENND3,67186
C4orf21,97662
ELOVL6,150126
RASSF2,43645
TNFAIP8,16063
CALCRL,106344
ZDHHC23,50101
SLC16A3,11093
MICAL3,236910
CA2,3351
RANBP17,438133
GPR146,14696
EIF3C,47172
NBPF11,50144
HSH2D,24547
ANPEP,29957
SIGLEC10,7782
DST,495
C20orf12,9543
NECAB3,17371
MGAT4A,112020
C1orf59,13238
NHEDC2,59338
KLHL29,323194
CD5,28068
CLYBL,3333
RAB30,1646
TMEM163,265175
HFE,2797
CCDC88C,147175
TMEM191A,3489
AKAP5,9004
C11orf63,82222
CENPV,1302
RSAD2,32506
TTN,72
PLLP,28575
SRGAP3,2613
ZNF525,20875
ZNF93,34660
ANGPTL2,35454
CD300LF,18751
ETV5,62795
SCNN1A,30514
PGAM4,1677
ZNF443,28993
ZNF323,33465
SLC6A9,35009
NT5C3L,11194
ITGB3,58869
TCEA3,43870
CEP152,149367
F12,273
ELL2,610
C9orf167,4813
PVRL3,129685
AGAP1,600
LAMA4,146791
ZNF385A,22480
KCNK5,40504
BCAT1,139435
ORC6L,8748
CEBPB,2107
HMGA1,1787
CCL3,1889
TBC1D9,42741
FANK1,1085
PSMB10,2373
MARVELD2,26497
VSIG10,10583
NCAPG,1234
FAM160A1,261360
OLFML1,26543
KHDC1,69051
C17orf76,50186
ZNF192,1473
LOC642846,30431
NUSAP1,48356
SPOCD1,25629
IL11RA,9717
FARP1,1323
BTG2,4066
ABCC6,73975
MOSC1,27702
EPB41L4B,148990
FAM134B,144020
CPXM2,198458
SIRPB2,57364
TRIB3,16930
SLC2A5,56466
AQP9,47742
SLC12A8,130129
NFIA,4573
UFSP1,995
PTPN22,57950
ITGA3,34517
A2M,84976
PHLDB3,30575
CDK20,8339
KIAA1609,28397
RAPGEF6,211315
NEIL1,8356
C10orf125,5258
DNAH17,18146
SLFN12,62955
ETNK2,21121
APOE,3646
ST8SIA4,96350
OPHN1,391497
GAS2L1,6171
BCL2,13674
PA2G4P4,2750
KIAA1324,182808
PLCL2,205640
NAALADL1,14202
PXDN,491456
SLMO1,24342
TNXB,27291
A4GALT,29186
PRR22,1805
IRS1,7521
CDC42EP3,1150
TSPAN7,127440
SNX25,159734
PCDH18,13612
MYO5C,103480
MAPK10,581821
NUDT12,13950
PI4KAP1,14964
NFIL3,16018
EPHA4,156175
PLCXD2,1167
TPBG,4211
OSR2,52433
KIF14,69294
TENC1,17399
C17orf53,20575
GOLGA2B,16952
SORBS2,371272
SH3PXD2A,8630
SH2D2A,10615
MT1G,1330
TNFAIP6,22456
ZNF709,23634
SVIL,24739
OAS1,25413
APBA2,196770
GRIP1,28544
IGSF9,48396
PLK1S1,120648
IL8,3210
PCDHGA10,99803
RAB20,38671
C9orf140,8449
MIR17HG,6755
EMR2,45844
OPN3,47249
PPFIBP1,171452
LYPD3,4885
AGER,3354
NT5E,46207
IL18,20866
SULF2,132045
CD93,9786
MGP,2712
PARD6A,1830
GCH1,60819
IL15RA,29844
PODXL,56355
CCT6B,53362
COMTD1,2041
MUC20,12218
ITK,74289
MSTO2P,4920
MTP18,3431
ITGB2,8645
PARVB,170022
LAMA1,176070
GIMAP6,7273
AREG,9911
ZNF713,54948
MYC,1267
SLC37A1,81808
DECR2,10629
SPTLC3,160124
OTUB2,22552
E2F7,44334
LAMA3,265623
BGN,14665
APOBEC3F,35518
LOC728024,1492
GPD1L,62204
ADAMTS17,371486
GBP4,176190
ST6GALNAC3,558196
TBC1D3,10874
SLAMF6,337
TRIM47,4435
TRIM6,31461
TRPV1,43965
ADAMTS12,18376
TBC1D16,103532
KIF23,34181
PARVG,38241
SLC39A4,4481
CCL18,7209
F13A1,176613
C7orf50,159806
FAHD2B,14144
HMHA1,21908
C1orf133,2662
AGRN,207071
CEP290,93203
KLRA1,11357
HIC1,124064
MMP14,11067
BIVM,68855
CXCL2,2245
ZMAT1,49847
CARD10,28841
TIAM2,167434
NUDT8,8695
ZNF763,15345
STAB1,29158
psiTPTE22,46919
MPP6,22062
FBLN2,89297
CPEB4,72663
ZNF433,21024
TNFRSF21,78449
ELMO1,15834
SNCG,4729
CHEK2,6325
GDF11,13916
MCM4,17957
PDE10A,660834
CACNB2,405321
PCDHB9,4411
GNG11,4810
SLAMF7,15764
LRP12,30819
MECOM,580282
FILIP1L,281369
RASGRP4,17250
LRRC1,17731
GAS1,25342
PEG3,1313
HERC5,49566
FBXL16,13325
SHANK2,2325
OSBP2,214042
C3orf58,20570
SUGT1L1,9887
MYL9,8339
RAB11FIP5,39636
CDKN1A,30160
CCRL1,1856
GPC3,449901
ANXA2P1,1342
CENPI,83688
ZNF737,34591
CCNF,33420
DLG5,3013
PGM5,174623
RND2,6800
CENPK,74275
OVOL1,1867
HLA-DOB,4285
CALD1,191316
ZNF404,11601
KIAA1462,4269
CSDAP1,1757
DCN,39847
JMJD7-PLA2G4B,20063
FAM47E,59430
ABHD14A,6174
P2RY11,3868
KCTD3,54636
GEFT,7065
C22orf36,7484
KLHDC9,1987
ZNF486,33276
C20orf96,19915
ADAMTSL1,1004376
ZNF675,36141
COL1A2,36671
C19orf21,15906
ZNF503,7454
GULP1,304257
KCNE4,3707
CH25H,1377
LOC81691,43239
ALPL,69430
ABLIM1,390533
RCN3,16059
PTGER3,195461
KANK1,275812
KIF26B,360693
TNIK,401994
LRP3,11097
HSPB8,15956
ZDHHC2,429
ADD3,3670
IQCK,142011
FOXQ1,2318
CD4,79335
PTPRE,4693
PTK2B,147909
AGAP5,23521
ZFP3,15700
AGAP11,39462
KIAA1522,33131
DIAPH2,36171
PNPLA4,386
CLDN11,15826
MAML2,366652
SP6,2246
C14orf45,59001
FMO4,27953
KATNAL1,104874
PAQR6,5167
MEIS3P1,2855
ACRC,35559
BTN3A2,86538
PRKCI,83550
C9orf150,48070
SOD3,5382
ALDH4A1,31369
CRYAB,4593
RASD2,13511
KIF11,62327
ZNF175,18501
SLC40A1,20221
PTHLH,16103
C8orf4,1972
CD36,10383
SLCO3A1,318727
ZNF692,10755
LY86,66344
GPRASP2,5557
NACC2,88748
ARHGAP33,13307
PRRG4,28367
PCDHB11,3270
TP73,300164
ANTXR2,171855
MID1,5100
TSHZ2,523021
ZNF540,62808
STON2,166754
MS4A6A,13059
FTL,712
PCLO,410157
SCNN1D,11614
INS-IGF2,32097
RASA4,11765
TRPV2,21461
ZFHX4,186066
ABTB2,342474
CHL1,650671
PLEKHG3,40217
PLS1,117277
FRMD6,2228
EFNA1,7037
INTS4L2,70834
VEGFC,109211
CERKL,120435
ITGB6,100647
VIM,6611
C3orf34,6021
P4HTM,17241
SAMD9L,18347
ADAMTS4,9355
SLIT3,187888
MAN1C1,169387
HSPA6,2357
SPHK1,4883
ZNF578,63364
IL34,80787
SLC36A4,53812
MYH11,153877
MPP2,34354
MATN3,20642
C12orf24,21963
ITPR1,354492
SHPRH,83688
H19,3253
GBP2,874160
RPL19P12,1133
TMEM169,20917
PPP1R16A,24134
EBF1,25668
NCRNA00085,23860
NDFIP2,75355
TNS1,179064
PLCD4,30313
IQCD,25903
CD9,50176
TMEM106A,9852
ACSL5,54222
KIAA1274,109908
PRUNE2,294844
DKFZp686O24166,25559
CCDC40,63981
SCARB1,86345
GREM1,16653
QPCT,11588
C6orf154,3378
WASF3,131242
PRR4,3627
KDELR3,15385
PDXDC2,89651
BUB1,60059
ARHGAP23,83908
PRNP,15437
C1orf113,22873
NEB,34517
CTGF,13837
RAB17,16804
PTPN7,14576
CDC7,2776
STAG3,5249
TMEM154,54051
ACAP1,18438
SLC7A2,76219
VDR,1268
C16orf74,43566
ACE,30579
TIGD7,6631
SGPP2,138570
CD163,33002
CD37,5294
GIMAP2,7935
C20orf134,2027
GPR65,9687
LOC400043,6772
C6orf204,249329
TMEM51,68062
ALOX15B,10094
CD59,33469
BST2,10050
C5orf25,107632
STX1A,20497
SERINC5,144855
INPP4B,823375
BMS1P4,31363
C11orf67,80167
PIK3CG,43700
ZNF238,8537
PABPC1L,2174
MND1,90011
S1PR1,4771
CYB5R1,5403
DAB2IP,218647
MIR600,97
SYK,96880
AGPAT2,14316
NKD2,29850
CXCL12,93009
ENDOD1,42841
KCTD6,27360
NR5A2,149822
ANKRD5,5061
NAV1,206222
DBN1,23756
TMED7-TICAM2,47683
TMEM22,460023
SLC41A2,156191
OXER1,1762
LOXL3,23451
CEBPA,2200
S100A10,11328
NIPA1,43564
IL7R,22728
TLR4,13316
ZNF587,15310
CAP2,42635
DNAJB5,614
DPEP2,13245
RLTPR,12565
TMOD1,100563
HLA-DMA,4511
ITGA11,134879
AMOTL1,170335
ME3,10618
GPER,7008
HIPK2,216324
DDX58,71022
RNF125,72548
SHROOM2,2162
TMEFF1,104398
CDNF,18828
C1orf192,3152
TBC1D2,22922
ERCC6L,34351
MALAT1,6815
PLB1,155556
ANKRD34A,5141
F3,23996
PRICKLE1,131432
CDKN2A,297
MAMDC2,28848
TESC,42022
ATAD5,65492
TMEM101,13072
PPP1R3G,1735
KIF3C,55988
SCG5,55439
KLHL3,3038
DAAM1,182794
TNFRSF10D,28442
APP,79165
GLS2,17470
CMTM7,63857
SLC16A10,139622
MAMLD1,152756
UBC,9962
DPCD,21321
ZNF788,22415
FAM161B,18383
CDCA8,17318
PYROXD2,31656
ANKRD36B,97582
GAS5,4086
NCF1C,15420
ADCY7,71977
FRAS1,200095
SIDT1,97805
GJD3,4041
MITF,228902
SLC4A8,124446
RAB3IP,85197
COX6C,221
ZNF718,78059
BZRAP1,28277
S1PR2,9839
BAHCC1,70901
CDC14A,175266
ZNF702P,25280
SIX5,4454
PNMA6A,2605
C6orf108,3844
KIAA1383,5454
GOLGA6L10,6775
QDPR,25841
MAPK12,8857
BOP1,15215
PLIN2,19215
PCDH7,426423
ABHD2,114210
QPRT,28111
KGFLP2,60782
FLJ42627,7147
DNMT3B,46971
TMEM92,6276
GUCA1B,11672
BAMBI,5444
MRGPRF,6093
RYR1,153864
MOBKL2B,204643
KCNE3,12888
ACOT7,129494
ATAD3B,37734
POU6F1,31198
RGPD5,97099
CHI3L1,7863
UBXN7,1682
ZNF320,33905
HLF,60105
TCF4,30407
APOBEC3B,5316
C5orf36,467753
ANXA2P2,1309
PBX1,326687
SYTL1,11940
ZNF711,29542
PPIAL4C,784
ECE1,128294
GABBR1,30908
ASXL2,144727
C9orf7,10822
FANCA,79107
ZNF354C,23562
EEPD1,148394
GLDN,71849
CTAGE9,2576
C3orf59,121346
LRRC56,17393
THY1,7044
KIT,87680
SOLH,26841
SVIP,9599
REPS2,247583
FAM78A,23852
NET1,50588
MVD,26109
GCNT2,108033
C7orf41,27829
DNA2,58457
FAM53A,110258
ZKSCAN1,30573
GNG2,122669
CAND2,11003
BCL6,47722
TPD52L1,110924
ZWINT,4045
ENPP2,116327
SLC31A2,13184
C3orf70,74964
MCTP2,252768
NLGN3,30918
LOH3CR2A,2886
C19orf51,8061
TIMP1,4500
MRC1,101819
C17orf57,117351
PDK4,13116
ELL3,4704
FILIP1,198934
C8orf73,6566
BEND5,51080
CREB3L4,6685
TNFRSF25,5044
ATP2A3,40595
CCR7,3044
HSD17B7P2,22125
FHOD3,482524
P2RY14,67050
MTMR9L,10050
CD14,4031
WHAMML2,20777
EMCN,14834
BLNK,82405
FAM126A,118347
FLT1,194782
CENPE,92603
NCRNA00176,5618
GATA3,3034
CCDC125,52040
MPZ,11120
C11orf52,7994
FAAH2,367335
CES3,13923
PGF,7527
ISLR,3125
ZNF793,36398
RHOU,121865
CYP27B1,4859
DMXL2,175109
OSGIN1,13110
MYLK,15322
LOC646214,8227
ARL4D,2151
SH3BP5,87041
AKAP6,504726
CSGALNACT1,353779
CSMD2,16502
PRICKLE4,6610
CEACAM21,37326
PDGFA,541
GBP1,94586
CEP55,32482
HLA-DPB1,13770
TUSC3,226562
EVI2B,10383
ZNF426,15449
F2R,56297
CAPS2,114962
PDE7A,127400
HLA-G,4157
PMAIP1,4346
LOC388692,4613
PLA2G7,34882
HIST2H2AA3,533
CXorf21,19092
MFAP2,7147
ST5,6860
LHFP,49527
C21orf7,3669
C6orf174,80949
GLRX,896
RAB11FIP1,1812
PCDH17,98827
ZNF396,10640
OAZ3,8361
TMEM108,10673
PKIA,24611
KRT19,4772
EIF2C2,122248
RNASE1,1965
SLC39A8,94457
GLI2,195362
C6orf145,29410
DGKE,35466
PTPRM,839545
GEMIN8P4,1701
DOK2,4844
PCDHGB6,104776
ASPHD2,15698
MAPK8IP3,64134
DLC1,53578
SELM,2788
SPRY4,702
SEPW1,6097
IFIH1,51629
BOC,228170
SNHG1,4267
ELTD1,117046
ZNF671,7890
IL1B,10083
ATP8B3,30206
FTHL3,953
PCDHB5,2921
ELMO3,4899
GPR68,32049
ZNF91,2965
KIAA1598,243209
BSPRY,21701
TRIM16L,38121
INADL,421443
DTX3,5477
TCN2,19977
TMEM88,1213
CYFIP2,129518
RPLP0P2,24413
C14orf106,50212
AMIGO2,5119
ITIH4,1379
C1orf104,3687
PIPOX,14327
SYNGR1,35639
GINS2,11308
CYP1B1,50750
SLC19A2,22061
TMTC2,447916
STEAP1,10452
C3orf14,17240
ADRA2C,1957
DHCR24,37621
MYO1B,180008
C5orf45,21574
FGL2,6462
CYBA,7795
ARHGAP11A,24809
MPZL2,11120
ANXA1,1064
SUSD5,69174
RASSF7,3054
ZFP28,22422
PLCB2,22477
TMEM204,26839
C17orf91,4768
KCTD15,20221
BIK,18964
TRIM22,21276
CDH13,1169816
FASN,11191
ZNF219,14658
CD33,3947
NXPH3,7874
GPX7,6680
C16orf59,4852
LRRC8C,103725
KCND1,11116
WDR54,4034
KLHL23,18040
DPP4,82301
TMEM159,1821
CHST1,2197
LGALS1,4196
EVC2,177627
LILRB4,7539
GSTA4,17432
CLEC2B,15775
REST,38790
MUC1,161550
TEAD3,23487
FAM72B,19250
SEC31B,33192
RNF180,207568
ASF1B,17119
SLC4A3,14410
ADAMTS9,326598
NTNG2,83300
RAI14,176284
LRFN3,8075
HOXB3,41499
SGCB,17624
PPAPDC3,19580
PLCH2,38071
TANC1,264059
RAPGEFL1,18646
SLC1A5,28937
CXCL11,2515
C15orf62,2488
ZNF771,11181
TTBK2,182021
KIAA1755,50267
C1orf51,4560
VILL,19214
C2orf63,60016
C4orf48,8360
ZNF92,518
ARHGAP28,185998
CCDC109B,128520
SLC2A8,10760
C8orf83,82620
C4orf19,142692
C17orf107,3279
LRIG3,51189
LARGE,25831
LIMA1,107790
GSTO2,37322
LYST,730450
KLRK1,17701
SLC16A9,59315
ST8SIA1,141323
LOC341056,2045
RIMS3,71424
SIRPB1,56264
TMC8,13672
AVIL,21332
LMOD1,75688
ZNF221,19011
PHKA1,135367
MPP1,26843
MYLK4,106701
STXBP5,186292
MAP6D1,9729
NCRNA00152,66063
GALC,60651
TBKBP1,17998
LRRC34,1109
IL15,24084
GABARAPL1,10287
LAT2,58365
BMP4,7126
MC1R,3098
C12orf68,2343
SIT1,1652
TRERF1,227283
ANO7,51093
C17orf87,25940
SH3TC1,59031
BEX4,2108
STAG3L3,8609
ADPRHL1,31584
S100A11,530
ATP5EP2,367
COL13A1,157263
PVRL2,43092
TROAP,9598
CHAC1,14384
TRPM4,54100
LTB4R,6537
GPR89B,65130
KIAA0040,36314
RIN1,569
ITGA4,367468
DNAJC6,151175
NCAPH,16564
KDR,7659
MOXD1,105479
HMGN5,88241
GZMH,3283
ANKRD57,1168
CLDN15,6728
SESN3,67028
SH2D3A,15353
RORA,5680
SLC22A17,8687
ARHGAP9,16559
PRIM1,20782
LIME1,3406
GPR137C,84565
SDPR,12975
LAMB1,79560
EPB41L2,234211
CTSL1,3854
CASC5,70330
CDH1,301
KIAA1671,244760
ZNF69,4760
IFIT1,2039
FNDC5,10224
TSHZ3,74339
IRF5,2145
C10orf116,2478
TPK1,4700
ANKRD50,48684
SLC20A2,125751
KIAA1549,297533
FOXF1,3937
LTF,28076
KIAA1467,155769
C10orf58,29286
MIR155HG,13023
ST6GAL2,85810
BICC1,318467
HOXA4,2273
TGFA,14255
MMP17,23378
KIF15,91539
PADI2,52692
ZNF205,7955
COX7A1,1947
KCNC4,71935
FAM84A,7360
MAP1B,13522
FAM13AOS,20314
TMEM220,85387
PTAFR,46770
CHRD,122202
NCALD,438365
FERMT1,48699
AMY2B,24890
MORN4,19603
JAK3,23289
ZNF286B,23830
RHOBTB3,82845
LOC388242,2611
FSTL3,7003
PEX11A,9253
FCN3,5714
FOXP1,16096
EPHB6,16066
MYO1G,3632
KLHL17,5616
FAM114A1,78011
LRP4,45277
ZNF253,27579
PDE8B,248004
CABLES1,125906
PDZD4,28401
FAM193B,34796
VIPR1,1710
DDR1,17545
RNF157,97915
PMEPA1,63144
LRP2BP,33282
C5orf62,18790
PVT1,306720
C18orf54,24121
NPL,15951
LGR4,106826
FAM38A,69882
PXK,93259
CP,3351
DNAH5,321501
MAL2,4721
SEMA3C,176813
GRAMD3,134281
LOC606724,570
S100A13,15293
WDR66,85370
CSF2RB,3194
IFI44,15524
DACT1,14253
PTCH2,23100
FAM55C,49046
C3orf67,194622
KIAA0802,127201
SGEF,140001
FSTL1,56857
SMARCD3,38463
C10orf25,6978
GCSH,999
EDN1,40730
ZNF799,11260
CXCR4,3806
TMC4,13112
STYK1,55395
REEP6,6759
ERG,43763
NOSTRIN,34928
NINL,132834
CAPS,2567
NR4A2,10251
HERC2P2,96756
RPS6KA5,192527
DHRS11,9007
CMPK2,26218
BRCA1,55363
SLCO2B1,55413
COL1A1,17552
GRK5,6009
CA11,8370
FOXP3,16069
ANKRD6,7933
SHROOM1,9485
DUSP4,17688
FOXM1,569
RPS28,881
GCLM,24399
SAMSN1,16101
MLF1,40067
CDCA4,11515
NIPSNAP3B,14023
RGS4,8196
RAG1,64099
NME1-NME2,18208
C20orf118,21164
C13orf18,48042
CACNB1,24247
QKI,164110
GNG12,370699
HIST1H2BJ,480
UQCRHL,537
ARHGAP15,780
LOC401052,4677
GNB4,55495
NBPF3,48125
DOCK11,190498
ASAH1,28699
RGS14,14930
IL18BP,4975
RTN4RL1,90668
HK3,133649
ACAD11,101993
SCHIP1,3230
OLFML2A,37733
RAB38,366015
PLSCR4,58844
ZNF738,29649
AHRR,6068
FHDC1,68126
UCKL1AS,3601
SEMA3G,11775
GRHL1,50621
IL23A,6251
C5,20138
SLC2A10,27989
ANKRD26,99760
SCRN1,70186
METTL7B,3065
POLR3G,995
RCAN1,98700
LIMD2,5333
NTN4,132951
BICD1,276901
CASP1,8813
PLA2G4C,3574
KALRN,692984
SECTM1,13021
C5orf56,65271
FAM49A,116407
NEGR1,42780
HOXA5,2616
TLR5,34881
TPI1P2,2016
HHIPL1,76093
ZSCAN12,20947
C1QTNF2,23098
RBP7,38158
EPB41L3,238285
MAP3K6,12858
MAP6,169
HN1,391497
APOL1,14460
C5orf32,68721
ITGA2,17420
MME,42397
CCDC14,36797
MAST4,573247
OR2A7,932
CCNA2,7489
C12orf48,77349
MAGI1,847
TSTD1,1353
C10orf114,2792
KIF5C,92917
ABI3,12998
ALDH5A1,42238
STMN1,734
GALNT10,56053
C9orf93,509557
PRELID2,1168
CKS2,5508
CR1,3947
RPS6KA2,1371
C20orf112,142014
ZNF287,22522
DAAM2,112511
FPR1,6127
ATL1,23943
SMOC2,226843
ITGA10,18981
ANXA2,1064
MCF2L,1154
CACNA1C,15156
BRI3BP,707
SLC12A7,60856
FCGR2A,18633
PCDH12,15477
ZDHHC1,40646
LRRC32,13500
BGLAP,1370
AXL,21251
ATP2C2,97254
PCDHB14,3962
CD276,30552
KRT80,23004
SH3TC2,81024
PXMP4,17586
ETV3,17400
ITGBL1,268264
TAP2,16838
RASGEF1B,45535
ACOT11,86610
PLGLB2,11389
AFAP1,124413
DZIP1,66504
GPR161,58125
NKX3-1,4244
GTF2IRD2B,57261
NEO1,261
LGALS3,8726
NAP1L5,2322
LRRC49,197426
TPSB2,1848
LRP8,40797
NFE2L3,4299
KIAA1377,86050
PALMD,48666
AKAP3,33539
OAS2,33328
LRRC70,2713
ARHGEF4,15833
SP140,91
G6PD,16196
SCARA3,100362
CPA3,31046
PLEKHH1,56611
MOCOS,81205
NPIPL3,22291
SRGAP1,303491
SLC16A4,29119
MAP3K12,22118
SYNE1,1183
CMTM4,98529
LOC653653,1159
ZBTB10,40646
HTRA1,53383
WISP1,40651
SLC15A3,14998
CCDC85C,93124
MESP1,16537
HEY1,3853
CCDC96,2152
ODC1,494739
NR2F6,13457
ENO3,7949
TNFRSF18,4392
TP53TG1,20145
SLC7A7,46589
IL10RA,15092
TMEM64,23910
ADAP2,37457
SLC1A3,81979
HSPA7,2492
PCDHGA11,92009
C1orf53,4815
MT1F,1360
LY6G5B,1499
CLIP3,18235
PRDM5,237959
C2orf15,9874
NEURL,2815
GRRP1,3608
CD8B,20313
SLC6A12,24446
CD84,38422
SH3BP1,16366
NPM3,2088
RARRES1,35841
SIM2,51102
GJC1,35823
C20orf194,158360
LRG1,2809
KIRREL,15511
C4orf34,91701
ADCY4,16722
SLC46A3,18933
STAG3L2,8609
LRRC46,6086
ZNF135,10528
LMCD1,2886
PCDHGC3,36975
DCHS1,34525
C1orf170,6919
CD200R1,52405
ZNF814,19695
ZNF570,21187
COL24A1,428480
SDF2L1,2046
ARHGAP24,527539
C11orf41,297533
NBPF14,76251
PITPNC1,319982
NCOA7,20997
PIK3R6,67280
FUT2,23984
FZD4,9723
EXOC3L,21590
KRBA1,19630
HOXB7,3789
BMS1P5,25256
C9orf3,3563
SYNM,31517
MYO1D,384651
FKBP11,3588
CHPF,6338
TRAM1L1,2026
ZNF682,35050
LY96,1351
EHHADH,92262
NEK2,1678
RPL23AP82,42551
C5orf41,82939
ANKRD58,1589
SMAD6,79890
YPEL2,70042
NRXN2,117014
MEF2C,584251
AFF3,596722
XRCC2,29667
CHPT1,54399
UGCG,251902
IL12RB1,40033
NMB,1941
APOBEC3D,13215
NBEAL1,210570
FAM115C,29966
C8orf45,55687
MMRN2,35771
C11orf75,108384
STRADB,2073
GPNMB,28904
FAM164A,53718
GPR137B,68557
HLA-H,3302
ABCG1,104700
ARL11,5573
PLN,9697
INTU,93508
LNPEP,93769
PLP2,3283
ZNF43,4083
SPATA17,3922
RAP1GAP2,282043
ZNF154,12936
LOC374443,41131
CKB,3072
FZD2,3818
HSD17B11,54781
CTSW,3928
APBB1,24706
B4GALT1,13035
NCRNA00116,11411
LRRC4,51316
ECE2,43374
NCEH1,80573
CCRN4L,30180
KIFC1,18391
SERPINA1,13945
FADS2,51151
FCGR1B,9816
RDH5,4375
FAR2,3802
PLAGL1,124299
THBD,4031
MAP4K1,26195
PDE9A,121757
C15orf33,293934
CLCN2,15466
ANXA6,57176
EMID1,53685
COL6A2,34778
GPR126,144347
ZC3H12A,9859
TMEM47,30224
C1orf88,28354
HSF2BP,205512
KLHDC8B,5367
C10orf72,114873
LNP1,55133
HLA-DMB,6441
HLA-A,3430
C14orf80,9393
ZNF518A,36292
CD226,101858
ST3GAL6,63609
ROBO1,1170760
LOC113230,2053
ZNF296,4930
NT5DC3,94923
EGFLAM,3657
ABI3BP,244173
PRR15L,5938
WAS,1612
C12orf60,255867
C5orf34,28734
HSPA1A,2428
ITM2C,14656
DAPK2,139434
CENPA,8575
TCTEX1D2,22335
CDH6,98827
GSTT2,3887
SFN,10893
CASC2,101727
NSUN5P1,6470
GCHFR,3626
UBD,270
S100A1,530
MT1X,1726
MST1,4476
ABLIM2,193522
JAZF1,60920
CCDC30,133424
S100A8,32551
FAM173A,2009
POLQ,90744
SPAG4,5238
HSFX2,2798
PRR11,51210
ISG15,1073
ZNF429,35900
MAGEH1,1479
IRF4,19704
PDPN,34200
COL3A1,38373
SIGIRR,11738
HNF1A,23997
P4HA2,37716
PECAM1,94429
MYH14,46602
CC2D2A,133311
B3GNT8,108165
PCDH1,742184
PLCG2,183435
CCR1,2425
CLDN5,4521
NCS1,64726
LYN,13514
TGFB3,23925
C17orf58,2550
SERPINE2,64271
ZNF491,11113
LILRB1,20623
FAM65B,238007
COL4A4,194266
PION,105678
ATAD3C,20469
PSAT1,33018
CCDC82,37175
TP53INP1,23415
ZNF300,16148
SPOCK2,29998
FGF2,591316
GPR34,10734
TRAF4,6955
ZNF460,18962
LDB2,397275
PGAP3,16948
EFEMP2,6493
EFNB2,45309
NMNAT3,117870
ABHD3,53908
CCL28,14018
PLEC,61653
LRRC37A3,112081
PANX2,9564
GPR172A,2729
GSTM3,573
ZNF280B,24766
SPRY3,14724
NFATC2,175900
TNRC6C,4398
FGD5,5662
CRYGS,5935
PRDX2,786
GPRASP1,7717
CDKN1C,2578
KIAA1614,32926
ZSWIM5,2901
LYNX1,13514
TUBG2,7758
GBP3,99986
CECR6,5068
C7orf31,46051
WWTR1,3154
PPP1R16B,117331
HAAO,28161
TNFAIP2,16264
SLC38A1,50622
ARHGAP6,528158
ITGA9,108091
FAM190A,1474825
FRZB,33495
APOBEC3G,10738
CATSPER2,10364
CUEDC1,94080
GIMAP5,6301
SHISA2,6463
GPM6B,143
GTF2IRD1,149280
ZNF714,42947
TMEM141,1992
CTSH,23348
RGPD1,100401
CFP,6092
MFNG,17377
THSD4,2838
PEG10,13370
SIGLEC7,11265
SNED1,98159
HIP1,147936
AHNAK2,41104
MAGED2,8416
TRPS1,261137
LRRC37A,42962
TFPI2,5594
C1orf116,14240
ST7OT1,1888
CLCF1,10009
PTPN13,13341
C17orf51,27072
SUSD1,134739
ZNF420,122507
LOC730101,4752
FAM64A,6760
MDM4,1205
NDN,1667
FBLN5,78291
LIMS3-LOC440895,70142
CHKB-CPT1B,14138
BIRC3,21953
CNTNAP1,20030
PSTPIP1,42795
TACC2,265371
RMRP,267
PMS2L4,26311
KIAA0895L,8378
C16orf54,3556
HLA-DRB5,12973
NUDT17,3969
LRRN2,68666
FRY,159613
HSD11B2,6420
BSN,363
HCST,1906
COL9A2,17166
TLR1,2039
CPNE5,98671
CCDC106,5573
WHAMML1,20629
TSPAN13,30810
SPIRE2,53842
SCUBE3,39032
ZNF345,42868
GATA6,33091
RIN2,244849
GPR89C,65130
ATOH8,37597
PCBP4,10012
TNFRSF10A,33710
KL,108830
SH2B2,37185
PDZRN3,4331
C14orf132,54647
PEX11G,18107
EDNRA,64037
PTMS,4813
SMAD9,75890
RGL1,16559
BACE2,114733
ZNF395,40875
PALM2,392215
PTGES,12440
FCGBP,86570
INPP5J,26961
PLA2R1,134518
ZNF322B,4794
AURKAPS1,1536
VWA1,7359
STON1,68346
PERP,2563
ZNF425,23562
ZNF583,21017
GPR132,16161
PLXNB3,15150
EML5,178539
FAIM3,18751
PGM2L1,68153
GNAO1,166105
AURKB,6037
TMEM25,2135
CLTCL1,112243
RRAD,3857
CARD14,39339
RBM9,200163
RASSF4,244849
CCDC113,86973
SYTL4,60184
LRRC37A4,14279
SVEP1,214632
DIXDC1,95506
ATP8B4,323858
GNRH1,5782
PDGFD,257113
CCL14,3072
ZNF254,96563
SGK1,4985
ANKRD22,32076
P2RY8,74916
ZNF827,181381
NFKBIZ,33035
MST1P2,4846
OSBPL3,183681
ACBD7,13301
ADAMTSL4,13657
LRP5,53992
MAP1A,13522
HPGDS,44320
NAV2,5528
HAS2,5979
IL4I1,39885
S100B,6624
ZNF767,77636
CNFN,3298
EPHB3,20609
RAMP3,26482
TSPYL5,4462
TNFRSF10C,14623
PDE3A,314862
RASGEF1A,72386
DHCR7,14020
SLC7A11,78324
DOCK4,13274
FAM127A,1243
SLC5A3,32739
BCL11B,102426
RNPC3,1801
PLS3,90011
GTSE1,37820
KLF9,30060
RGS18,28710
LFNG,16648
C11orf83,2036
ZNF90,653
COL8A1,158137
CDCA5,23134
REEP1,124090
CD68,2624
SMARCA1,77063
PARP8,180623
SLC25A42,49069
MMP11,11497
MYO1E,236903
LRFN4,3388
GPR155,62430
ARHGAP20,136154
CCDC102B,499129
ZNF577,32173
SHC2,44428
GGH,23972
CNN2,785
HAS3,13155
CD302,29627
C9orf129,28215
ERAP2,43763
PKIG,87256
CCDC74B,2776
ZNF528,25637
EFNA5,295475
FCGRT,14149
PLD2,16331
SASH1,358609
CDC14B,127092
PLCH1,1404
TLN2,454104
FNIP2,139055
GADD45A,548
GNAZ,54554
FAM57A,10422
PLAT,42353
B4GALNT3,101515
FCHO1,40850
CXCR3,2604
CHI3L2,15781
SRPX2,27133
RINL,10449
ZNF132,7408
RPL32P3,400
CBWD6,67556
LYVE1,10952
CLEC7A,13492
C1QTNF6,19234
FBXL22,12673
TNKS1BP1,25323
CD74,11299
KCTD11,3055
NRGN,7273
SCN1B,9761
HLA-DQA2,5501
TUBA1C,45412
C19orf73,743
AKR1B1,1171
KAL1,203313
CYBB,33444
SHB,14775
C11orf45,9955
ZNF573,41352
GGTA1,1123
C10orf118,53450
ZNF415,25198
ZNF853,8669
TNFRSF14,9257
TST,4944
RNF24,88282
CELF2,27841
RGNEF,315835
CRMP1,72319
CCDC87,2914
C1orf54,8643
ANKRD19,28846
ESCO2,40455
NRIP2,10188
ZNF772,16752
PCDHB12,3407
CCL5,8882
KIAA1024,60747
IL32,4507
SLC7A1,17186
SPSB1,76650
LYZ,9192
MEI1,99953
C9orf100,6406
OLFML3,2863
ABCA2,21688
ATP10D,108225
PRKCH,270027
STXBP1,113574
WBP11P1,2971
HNRNPA3P1,1151
KATNAL2,187193
PNPLA7,91217
ANO8,11611
WDR90,18470
STX1B,21382
FKBP9L,23493
WIPF1,123325
TGFB1I1,5805
RAD54L2,129977
TPST1,155179
PWWP2B,20667
SEMA6B,38896
MLLT11,8822
P2RX7,56659
CLEC10A,6098
TMTC1,283946
LOC728554,9007
GSTM2,1135
AUTS2,1194593
FSD1L,110250
LPHN2,686583
CCDC78,4302
MCM8,15026
PHLDB2,244037
PLAUR,32364
SLC16A1,1592
NHLRC1,2133
KAT2B,14551
SCARF1,11931
ZNF471,22371
OAT,16627
IQGAP2,304877
ACTR3C,444164
C2orf55,142375
C17orf97,4339
DNAH14,470872
CILP,8394
MSC,15211
HMGB3,608
C7orf58,308747
HOMER3,12057
FPR3,2532
RPL36A,272
NRP1,906135
NLRP3,11097
GPR3,10734
AKAP7,9004
CLDN4,1830
PIGZ,23068
NEURL2,2815
RASL10B,11861
RAB37,76218
ADAT2,27918
MBOAT1,25831
FAM86B1,12014
MYO5B,372295
EFHD1,76724
NUDT7,19772
CCDC122,57731
TMEM217,46856
KIF16B,301353
PIGR,8061
NRP2,413573
CDH2,257350
FLNC,28845
PRAF2,2889
DSG2,14765
SIGLEC14,7401
RAB26,6021
DLL1,8403
RGAG4,4791
POMZP3,17317
ZNF441,17078
C1orf21,2868
MNDA,18102
FAM169A,90420
SERINC2,25115
NDUFA4L2,5859
BNIP3,875
STEAP4,30484
CCDC120,16426
TTC25,35912
KIAA1407,92537
P2RY1,1059
C3orf42,1327
CTSS,35761
RPL7,887
LILRA2,14563
ANO1,111243
SGSM1,120625
LOC115110,7091
CLDN23,1951
UNC13D,17492
RRN3P1,22544
FHL2,77947
CDC42BPG,20876
ZFPM1,83384
HCG26,1179
MAGIX,5588
PCDHB2,2773
PDPR,50004
C2orf89,60325
B4GALT6,102424
ZGLP1,4754
CD7,32875
PCDHB4,3873
STX11,51895
TBXAS1,242077
HSF4,6560
ZNF124,50403
GNA15,27737
LOC646762,39216
LOC400927,54261
ACCN2,25985
WDFY4,298141
CTH,468
OPRL1,2866
SFRP4,10991
CRYBG3,123056
USP2,20678
MAN2A1,180259
TJP1,270468
ADRB2,2041
CD3D,5159
CTSD,11240
PLEKHH2,130687
SEMA3B,9613
TFRC,22364
RBPMS2,35677
SERPINF2,12426
PBK,17389
SNAI3,8792
ELOVL4,32786
CCDC8,17660
C19orf20,12157
MX2,904
SHF,2238
CES8,21169
CCDC68,58030
C7orf13,2288
PHLPP1,265004
SH2D4A,82775
NXPH4,9654
SLC37A4,6554
ENG,13141
P2RY13,3241
RGPD4,65623
ZNF701,56996
NBEAL2,30021
TYROBP,3908
C15orf21,45594
ASAM,123299
LOC645166,24727
ASPM,62567
IL2RA,51676
DENND2C,85536
LONRF3,48311
INHBA,85462
UGDH,66868
PLCB1,4248
SEPP1,12042
RARRES2,627
C17orf96,3231
PRKG1,17280
RASGRP1,76709
FOXRED2,19915
TRIM7,38121
SORBS1,249647
PEA15,10057
C6orf115,14620
DOK3,8603
LIMCH1,340437
RHOB,86326
MTMR7,116737
GLUL,988
TMEM71,50723
ANKRD36BP1,1865
NECAB1,167709
PRKD1,351214
MICALCL,72244
ICAM1,15774
PCDHGB5,114851
C1orf84,64363
ETS1,36548
HOXB6,9256
SLC25A33,43304
STAP2,14834
SLC45A4,101155
SERHL2,20525
NPR2,56786
ZNF273,54823
TTLL3,26396
APOBEC3C,4578
ZNF708,39051
LILRB5,6902
CYP26B1,18624
PRKAR1B,178491
IL16,130919
SERPINE1,1919
BAI2,36958
ZNF470,15373
EDARADD,90328
BEND6,72677
FAM124B,23296
PDK1,65226
LMTK3,28655
OAF,18902
MEG3,34918
BTBD19,6757
SARDH,76884
RNASET2,27080
CCDC146,172587
HSPA1B,2523
MORC4,59944
S1PR5,5250
PITPNM3,105294
C8orf84,30195
NRBP2,200163
CCND2,31620
CFB,6140
PDLIM3,34946
SCN8A,222906
CDCP1,64148
CSF2RA,56297
LASS4,53104
HSD17B8,2198
YAP1,981
MIF,844
IRF8,23438
SPATA13,1690
F2RL3,3004
TLCD1,3582
MAP7D3,43262
SEMA5A,511095
MORN2,6747
ADAMTS10,30495
NBPF9,36828
CERCAM,31358
GIPC1,18390
C16orf5,3991
CLIC2,58474
CD69,8415
SLC2A9,269123
FMNL2,314664
CISH,1765
ABHD6,57234
CD274,20064
GCNT1,1651
C21orf58,23473
TRIB2,25862
ECSCR,14189
C11orf9,10218
DPY19L1,109160
LOC143666,2076
N4BP3,13528
TTC30A,4668
CD44,12728
ABCA3,64868
PCDHB15,2885
KCNMA1,25741
C15orf27,145034
ITGA5,24005
STOX1,68405
GALNT3,101515
LRRC6,109160
RDH10,45555
MLF1IP,40067
COL4A5,257701
CCNB1,1251
EPN2,9665
XK,305535
HEPH,104863
MET,15682
WSCD1,55321
TNS3,307399
TEAD1,270315
TMEM184A,18586
CCL22,8281
PRKCB,3288
RELT,21114
SLC8A1,400306
TRAF5,48359
STARD5,11517
DNAJC15,85944
CCNE1,12323
NRARP,2620
HTR7P1,4388
C5orf13,247628
SLC16A5,18863
MAP3K13,206156
ZNF239,20103
C12orf75,40882
CARD8,2519
PTRF,20871
CHST11,305100
SLC9A9,4825
GSTM4,9425
CDC42BPA,328627
UPK3BL,5766
LOC202181,53777
PAQR8,45649
C14orf174,13825
DPYD,1130
ZNF552,7831
PILRA,26654
COL7A1,31229
CAPN12,14250
SPRY2,5139
PALM2-AKAP2,392215
OR2A9P,984
PBLD,50298
LCA5L,39952
ATP10A,192903
C17orf72,5954
IFI27,1839
TAGAP,10684
MICALL1,36310
SOX9,5400
PCDHGB4,125094
LDLRAD2,13012
CARD9,9725
NOXA1,11034
SLA,33697
NBPF16,38078
LXN,15365
LOC407835,1736
TNFAIP8L3,48680
IRF7,3450
LOC153684,3134
ASCL2,2454
LRP5L,53992
HIST1H3E,461
C1orf115,8871
RAB15,26383
PHGDH,186074
FAM70B,54580
APOBEC3A,5316
HCFC1R1,1666
GTF2H2B,34992
CLIP2,116506
SLC16A2,112436
FAM72D,18891
FKBP5,10481
CCDC85B,1231
ECHDC3,21713
PPIEL,37418
RPL39,5155
ZNF681,19696
YPEL1,38298
NPNT,76231
MEF2B,15687
CTCFL,29687
CD72,36880
VEGFA,16278
SETBP1,388337
CDH11,742184
NDC80,19541
GOLGA6L9,9402
C22orf23,10619
SLC11A1,15128
TNFAIP3,16997
APOM,5799
C1orf135,27545
USP51,5351
ZNF611,32241
GCLC,47788
ADAMTS6,333278
PRRX2,5812
CD109,149125
ADCY1,148976
TP53I3,7787
SLC22A3,5918
EFR3B,117033
UCP2,8173
PLXNA4,525356
C10orf47,48936
IDO1,60214
HOXD8,3001
NRN1,1490
SPAG5,18244
RAGE,3354
SLC44A3,74905
MT1E,35580
IRAK2,78864
MYO9A,296287
CCDC3,133767
KIAA0513,66521
PNMA2,9287
APBB3,6336
SERTAD4,10265
SPRY1,54191
TREM2,4694
TMEM38A,27893
EID2B,1334
THSD7A,461763
CHML,7066
FXYD5,15163
LRFN1,14050
NR4A1,36675
C7orf68,2588
C14orf37,158769
RASA2,128316
OSBPL7,14455
GIMAP4,6585
PIF1,2014
ERP27,24522
ARMC9,196445
RNF152,86353
HS6ST1,53117
IPCEF1,202353
NACA2,769
APOLD1,65549
ARHGAP29,106161
PDE5A,134685
LOC100129034,5713
TOM1L1,61276
PLEKHG5,53969
CDC42EP5,8228
CRIP2,798
BTBD11,33065
LRRCC1,38992
APLN,9697
WDR27,275651
KIAA0922,171262
MCC,1269
ID2,110676
APOC2,3583
DNAH10,109087
GPR56,45504
RHOJ,89385
C16orf93,5051
LOC728613,36448
C20orf117,86242
CXCL10,2420
STK32B,449678
CKAP2L,28328
VCAN,110629
SYDE1,7624
ZDHHC21,104734
SGK494,6229
NHS,242213
BICD2,53478
JUP,32246
DCXR,1816
MARCKSL1,1705
TRAF3IP3,26291
GATA2,14004
CELSR2,26051
SV2A,14564
PTPRJ,190338
HOOK1,61517
MLKL,29332
CRYL1,122206
PLEKHF1,10057
FAM46C,22407
CPE,84169
TRIM46,11257
CXCR6,7666
HPSE,778798
LCAT,4228
ST6GAL1,148210
C6orf226,551
MCM3APAS,22470
C20orf132,78362
FOXF2,5763
FAM127B,1259
ZNF391,29273
FAM20C,2763
MAGED1,99356
MT2A,5439
ROR1,741019
BAIAP2,26055
ARSJ,80196
KCNS3,55114
C1orf162,15818
ITGAL,50523
CHST3,49202
MAP3K9,86742
TFAP2E,24524
FAM171A2,10652
PSD3,559606
OR2A4,932
CHRNA7,139915
ZNF519,61264
ZNF304,8645
CDC25A,31480
CASS4,48690
ARHGEF10L,177678
DNASE1,10865
C1orf106,24662
PTN,11651
SLC22A18AS,16606
TGFB2,1369
CHRNE,7250
MDFIC,97762
NCF1B,15306
DEPDC1B,103254
NLRC4,41294
PLIN4,18105
MAP3K5,236052
TIMP3,62225
SPAG16,1126132
ARHGEF12,153660
GLUD2,2334
DGKH,216548
DBNDD2,4617
THAP10,11091
ITGB4,5910
TMEM30B,4442
C1orf63,96017
OSMR,99721
PRTFDC1,104037
PARVA,158915
RPL13AP20,659
LRRC37A2,42962
SLC12A6,108068
SCML2,115776
BCL9,29932
ZNF774,11383
PLXNB1,26470
STAT4,143108
RNF145,52644
FGD4,246527
C3orf47,8298
IFFO2,52392
ZNF382,23292
ITGA1,134879
MERTK,141467
ZNF625,11841
CORO2B,209433
DSC2,61201
TP53INP2,9136
OLFM1,45941
RET,109995
SNX10,82435
ZNF366,67523
LRRC25,6505
DLG3,3038
ZFP36L2,4204
MFRP,7739
BATF3,13568
ANXA9,13615
CYP4V2,21943
NOL3,5240
ARNTL2,56845
ZNF595,34935
ASAP3,55694
PVRIG,1618
LEPR,10665
SH3BGRL,96743
PGBD1,22144
KIAA1217,853102
FZD7,3850
GATSL3,4509
TIGIT,16302
FA2H,61876
AIM1,9891
TMEM8B,39698
WWC1,180243
GLB1L2,44450
C21orf63,103708
LGALS3BP,8726
HOXA10,9670
KIAA1244,182973
CD27,9025
MGC72080,5730
ADAMTS14,89923
GPR176,125884
DUSP1,23637
SFMBT2,252862
C11orf35,5944
CD97,27581
NINJ2,99445
C6orf97,127153
SEMA7A,24675
ZNF134,10498
RIMKLB,2027
PCGF2,14408
ALDH7A1,404
LENG8,12886
RUNDC2C,62772
ASB16,10744
C10orf10,3906
PCDHGA12,82388
ITPR2,497861
MLLT3,280878
COX4I2,7153
PLK4,18363
DYNC2H1,370432
ATG16L2,29334
FLJ44635,17566
AMIGO1,5564
DARC,2487
PIPSL,3775
SHMT1,35720
POPDC2,18538
KRBA2,8855
C5orf23,102648
EPOR,7137
MVP,27645
LYPD1,28299
BCAS4,82842
RNF213,137966
C13orf29,6321
NCKAP1,45404
XPR1,258269
PODNL1,22205
C1orf126,40649
C11orf82,32964
SRCIN1,75924
ZBTB37,23027
KIAA1324L,182808
GRB10,14775
PCDHB7,3755
CMAH,57325
LOC100132287,4689
DDX12,30481
ZNF542,11729
CACNB4,267217
MAOB,115865
FCGR1C,8990
IGSF10,184875
KLF7,42023
IFI6,13149
STIL,64648
UBE2C,974
DENND1B,277390
PIH1D2,22127
NBPF10,78486
GK3P,2231
SDK1,967552
KIFC2,7870
PLAG1,15239
MYCBP2,12262
WIPI1,36243
PAMR1,98473
FAM109B,1782
TOP2A,29429
IGF1R,16346
DGAT2,7172
RAD54L,281391
PLAGL2,15239
ZNF256,6900
SPARCL1,56173
IL6ST,32405
TEC,38220
NCRNA00087,3649
ABCB4,76403
FRK,31823
C6orf26,1453
MOSC2,36569
IKBKE,26647
HIF1A,182
SEMA4G,16135
C21orf91,30419
KCNIP4,179240
ST14,4476
FLJ23867,2716
PTPRO,276074
OTUD7B,70436
IFI35,7734
GPR109A,2064
ZNF185,75349
FAM83D,26748
LOC646471,3652
INSR,182150
GLIPR1,21203
GLRB,95965
POLR2J2,34981
HLA-B,3379
ARHGEF17,63419
GBAP1,13705
ZNF431,49358
RADIL,84595
CSRP2,46163
C2orf77,48996
ABCA7,25469
C18orf1,499129
EFNA3,8666
NES,136666
PON2,30210
CLEC4A,35675
STC2,14780
COL6A1,23300
SGCE,70985
WNT4,26676
PRSS8,3178
TCF7,217459
SAMD9,18347
MMRN1,75090
SPARC,152978
ZNF662,13423
CTHRC1,468
UHRF1,59074
C1orf97,49780
GPC6,33798
C10orf54,26024
MFHAS1,109160
PRRT2,4064
CRISPLD2,89529
RBM43,2106
PLXDC1,88346
DAPK1,211406
SELENBP1,8432
NEK3,27218
FOSL1,8390
CES1,30344
STK17B,42920
NSUN5P2,6470
GPC1,5979
CENPF,61393
PPIL6,50956
ODZ4,787736
S100A9,3173
KCTD1,11665
SPEF2,196838
KCNJ2,10509
AHDC1,69933
CMTM8,131646
AHSA2,13792
PELI2,183256
B9D1,42821
LILRB2,7358
C15orf48,2920
FAM113B,157060
SP140L,80354
AATK,17657
SYNGAP1,33617
MNS1,36406
LAX1,13043
B4GALNT1,9830
PAPSS2,87986
KIAA1919,20726
GLT8D2,75194
CNN1,47819
RHOC,6276
CARNS1,9929
ZNF529,21646
DYSF,1558
NKD1,3778
GSG2,2796
SLCO2A1,97380
GOLGA6L5,10679
PTK2,342931
LAMP3,40666
HSP90AB2P,2544
SLC25A35,7931
TMEM99,17182
TRIM29,26893
CDS1,8296
RAB3A,7265
TMEM117,593956
FYB,21182
PPFIA3,31641
C16orf48,3778
C3orf52,44760
RUNDC2A,597555
PLD1,15711
VSIG10L,10583
ULBP3,8101
ADAMTS2,89908
NKTR,48086
TLE2,49997
AURKA,22948
GPRC5C,20317
CDH24,10558
KRT17,5065
LACTB2,31946
PHACTR1,573849
SLC35E2,21161
PRRX1,76672
ACSF2,48687
GDF9,5906
HCK,27393
BMP6,1646
CDSN,5390
KIAA1161,10286
COL23A1,352939
ANO9,24081
WDR91,27726
FYN,4297
BEX2,1700
TRIL,5055
ZNF649,15817
NAIP,56616
CYB561,14057
CHST10,25808
ZNF518B,17547
MAP7,43262
SCN4B,19538
ANTXR1,236183
TMPRSS13,28812
ETV7,33579
BARD1,84066
ZNF177,19597
ZNF442,23265
WNT5A,39546
GALNTL2,70868
RASAL3,12947
ESRP2,7686
CCND1,13369
TRPM2,10973
AGAP4,32937
LAMC3,83942
KCTD17,11665
FMOD,10808
PTPN14,202985
EPSTI1,105883
PRSS27,8133
PRKACB,160523
TMC6,23652
FCRLB,6599
TGFB1,1646
SCARF2,13275
PCDHB13,3502
PPP1R3F,31643
ZDBF2,39786
SAMD5,439599
IGFBP5,23444
MEGF6,136815
KCNQ1,2050
NR2F2,14335
BCL2A1,10411
PRDM1,81257
KIAA0114,1684
ECT2,37297
CACNA2D2,141631
CCDC74A,11045
DUSP23,8031
TRIP6,6126
CDH3,23737
C9orf116,4735
DOCK1,190498
NPAS2,176678
NR3C2,366523
PDZK1IP1,6510
ARHGAP32,314108
CECR1,43064
SERPINB8,49751
TSPAN12,71049
CCDC163P,6153
IL17RD,80335
SLC22A23,187601
NAMPT,223
ZNF582,5499
STK36,30691
ROMO1,1672
KIAA1644,88028
DKK3,46374
TACC3,23795
MS4A4A,28431
TTC39A,1627
TLR7,23278
AGAP6,29311
PDLIM4,15796
SLC22A15,93556
STX18,999
SLC2A6,8060
TRDMT1,65286
ZNF501,7477
TRPV4,50320
ZNF880,23840
NCKAP1L,45404
C1orf38,14154
CBX7,21889
OSBPL1A,235837
PID1,247368
ADORA3,4692
CRIPAK,4442
RAI2,61297
GZMB,3272
ANKRD44,51661
NT5DC2,10708
RASL11B,4507
CYTIP,31311
ARSG,192911
S100A2,4722
C2,21670
EIF4EBP1,826
DHRS4L2,41884
ALS2CR8,75638
RAB34,3987
HIST1H2BK,8565
ST3GAL4,103956
TMEM200B,9713
MYST4,206209
TFAP2A,3851
ZNF169,44701
DLGAP5,43562
UBE2MP1,960
RAD51AP1,21263
SGCD,1039152
DNM1P35,12407
C9orf130,69889
GAB3,76334
ALDH1A3,36934
NAV3,72
EPS8L2,22510
LOC100128288,2128
EME1,8259
MAGED4,7445
C14orf139,2824
ZNF512B,13167
ZNF469,15952
CDKN2C,5942
ABCB6,9224
HSBP1L1,6240
GRAP,72270
MXD1,27904
NUAK2,19732
MANSC1,20951
RPSAP9,1439
TNFRSF6B,2047
PLEKHG1,243802
CDKL5,228024
HIST1H2BD,13364
ZNF418,13522
SIAE,40514
TESK2,147459
CLEC11A,2376
NOD2,3193
PRELP,15597
COL8A2,30971
C16orf75,6325
BAALC,15150
ERRFI1,14614
PGAM2,2860
TLR2,26563
ZNF233,15437
ME1,1237
PLEKHA6,159525
TMEM56,127032
EPM2AIP1,7438
CD3E,4637
TRIM36,55784
EPHB4,24956
SOX18,1900
HSPA12A,180049
LOC643387,2659
PDE3B,228368
NPDC1,6767
PLAU,32364
GUCY1A3,70352
PRKCDBP,1564
LGR6,125771
SYNE2,464545
NETO2,62505
SQRDL,60146
FBXL6,3095
CD1D,2886
PRAM1,12599
PROM2,16872
ALOX5,71953
GPR162,5621
RNASE6,1511
GJA1,1631
SFXN2,24671
BTNL9,21650
CCBP2,5407
FAM22A,103891
KIAA1683,17413
ZNF704,255965
RNF208,1076
APOL6,20092
NPHP1,244086
PLK1,120648
RTN4R,26878
PUSL1,3115
ATP8B2,25766
GUSBP3,71064
ZNF141,124
SEC16B,40808
LOC728392,1572
CACHD1,222265
GAN,7439
EXOC6B,650058
VAMP1,8662
FLT3LG,12866
PM20D2,68690
ZNF596,15203
SEMA3A,535878
FOXC1,3451
STEAP3,4649
ABCA1,96808
C2orf27A,45835
C3AR1,8036
EFNA4,5816
C9orf9,29683
BDKRB2,8553
DCLK1,363368
C6orf150,28619
TSC22D3,64108
CFH,34703
NRIP1,104668
PTRH1,21690
APLNR,3876
JAG1,36362
PAPPA,2449
NCRNA00095,3950
SMC4,10759
CTXN1,1670
C2orf81,7454
HLA-DQB1,7455
RPL22L1,5381
PIK3R3,136355
CDCA7L,45025
FAM149A,67865
ZNF585B,28970
RCOR2,5623
KSR1,239
LRRC29,19923
FBLN1,98295
RAG1AP1,3605
LTB4R2,1902
CD248,2557
SYT15,16736
SMOX,38968
NACAP1,702
LTB,1867
BEST1,17743
AVPI1,10010
BEND7,588
PRKX,107575
NUDT14,8386
KIF2C,28063
FLJ39582,2924
MYO5A,221767
AGPAT4,1868
TPM1,29719
LINGO1,8023
ZNF546,24005
FLNB,12977
LOC100270804,2016
VPS37D,6764
SPTBN5,45931
TAF1L,6215
WDR78,112002
CYYR1,107195
TRIB1,8305
TMEM27,48308
MANEAL,7790
MTBP,78237
S100A6,12592
SNX20,15053
SPDYE6,10692
LARP6,22741
GUSBL1,85067
ZFP82,35572
LAMA5,3470
PMS2L11,14107
C16orf86,3717
LAMC1,122132
PBX3,220039
ANGPT1,248573
SEMA6A,24175
HSD11B1L,7758
EPHA1,115636
CREB5,526573
ANGPT2,63769
DYRK1B,8886
HLA-DRB6,7289
RBKS,109032
PHLDB1,51742
TPD52,26317
CPNE8,256393
TAGLN,5468
PTPRK,556031
ZNF610,30878
LETM2,27022
ARHGAP31,8467
DNM3,7956
C7orf10,725880
NCRNA00174,24364
SHCBP1,46342
ECM2,124052
TNC,1590
PPP1R12B,70855
MARCKS,8354
SACS,9898
TTLL12,20509
LAYN,23184
PPARA,93222
NCKAP5,37611
FAM83G,37355
SGK223,64099
TMSB15B,3363
PLEK2,25221
OPTN,38194
HDX,2073
C14orf49,100610
ATAD2,23625
RPS10P7,698
SLC2A12,65087
CD80,35800
PLXDC2,473641
ZNF699,18574
SLC7A5,2551
NFIB,317140
LRCH2,123471
GSPT2,2847
TTC28,701851
MAGI2,18251
EXPH5,102083
POLE2,44865
PLCL1,345182
HOMER1,140744
PTGR1,50133
IGDCC4,41592
PPP4R1L,76662
C12orf35,34307
WNT10A,19815
SPIRE1,211590
KHDRBS3,199055
MICAL2,170441
PRR15,5938
ATP8A1,248761
CSAD,23246
RECK,87550
ABAT,109988
RBM47,207656
RAB3IL1,49016
PNMAL1,5086
NEXN,57814
SH2B3,46517
C19orf33,845
ADAP1,504726
KCNK13,124092
LDLRAD3,288155
SLFN13,13741
EID3,1473
PRLR,182294
ZNF569,58122
INMT,5467
TMPPE,6385
NME2P1,612
BUB1B,60059
CAPN5,59210
LOC100190986,2452
CADM1,330898
NOTCH4,29227
RILP,3948
TSPAN1,30857
ZNF100,43587
RAB6C,3666
CNKSR1,12394
MPDZ,174391
HLA-L,7389
ATP6V1C2,64136
PCDHB3,3585
GNA14,79113
GLT25D2,121950
C19orf57,23777
ALS2CL,24718
SLC45A3,22651
C6orf132,41858
HMMR,11454
HEY2,14651
AP1M2,14644
LAPTM5,25372
CCDC150,1673
CAB39L,135718
PKDCC,10507
RTKN,109748
KIAA1804,57416
KRT10,4504
CITED4,1290
HLA-DQB2,7455
SGOL2,73897
BCL11A,102331
FANCE,14767
PLAC8,3298
GPT2,46917
FKBP9,23493
PTK6,8957
HOXD9,2232
SYNPO,11224
PARD3B,1074369
KIAA0754,6978
KCNJ15,73211
APBB1IP,129555
CXCL16,6399
FAM110B,155274
FAM81A,123893
KCNN4,15606
FLNA,26109
C2orf74,19762
KLRD1,91222
VAV1,84698
PDGFC,209783
ARMCX2,4610
ZNF358,7145
EAF2,51346
HCLS1,1151
GOLGA8B,58375
SLC39A6,21283
CTSC,44195
